First Name,Last Name,Full Name,District (Constituency),Province/Territory,Party,Email
Judy,A. Sgro,Judy A. Sgro,Humber River—Black Creek,Ontario,Liberal,judy.sgro@parl.gc.ca
Ziad,Aboultaif,Ziad Aboultaif,Edmonton Manning,Alberta,Conservative,ziad.aboultaif@parl.gc.ca
Sima,Acan,Sima Acan,Oakville West,Ontario,Liberal,sima.acan@parl.gc.ca
Scott,Aitchison,Scott Aitchison,Parry Sound—Muskoka,Ontario,Conservative,scott.aitchison@parl.gc.ca
Fares,Al Soud,Fares Al Soud,Mississauga Centre,Ontario,Liberal,fares.alsoud@parl.gc.ca
Dan,Albas,Dan Albas,Okanagan Lake West—South Kelowna,British Columbia,Conservative,dan.albas@parl.gc.ca
Shafqat,Ali,Shafqat Ali,Brampton—Chinguacousy Park,Ontario,Liberal,shafqat.ali@parl.gc.ca
Dean,Allison,Dean Allison,Niagara West,Ontario,Conservative,dean.allison@parl.gc.ca
Rebecca,Alty,Rebecca Alty,Northwest Territories,Northwest Territories,Liberal,rebecca.alty@parl.gc.ca
Anita,Anand,Anita Anand,Oakville East,Ontario,Liberal,anita.anand@parl.gc.ca
Gary,Anandasangaree,Gary Anandasangaree,Scarborough—Guildwood—Rouge Park,Ontario,Liberal,gary.anandasangaree@parl.gc.ca
Scott,Anderson,Scott Anderson,Vernon—Lake Country—Monashee,British Columbia,Conservative,scott.anderson@parl.gc.ca
Carol,Anstey,Carol Anstey,Long Range Mountains,Newfoundland and Labrador,Conservative,carol.anstey@parl.gc.ca
Mel,Arnold,Mel Arnold,Kamloops—Shuswap—Central Rockies,British Columbia,Conservative,mel.arnold@parl.gc.ca
Chak,Au,Chak Au,Richmond Centre—Marpole,British Columbia,Conservative,chak.au@parl.gc.ca
Tatiana,Auguste,Tatiana Auguste,Terrebonne,Quebec,Liberal,tatiana.auguste@parl.gc.ca
Roman,Baber,Roman Baber,York Centre,Ontario,Conservative,roman.baber@parl.gc.ca
Burton,Bailey,Burton Bailey,Red Deer,Alberta,Conservative,burton.bailey@parl.gc.ca
Parm,Bains,Parm Bains,Richmond East—Steveston,British Columbia,Liberal,parm.bains@parl.gc.ca
Yvan,Baker,Yvan Baker,Etobicoke Centre,Ontario,Liberal,yvan.baker@parl.gc.ca
Tony,Baldinelli,Tony Baldinelli,Niagara Falls—Niagara-on-the-Lake,Ontario,Conservative,tony.baldinelli@parl.gc.ca
Karim,Bardeesy,Karim Bardeesy,Taiaiako'n—Parkdale—High Park,Ontario,Liberal,karim.bardeesy@parl.gc.ca
John,Barlow,John Barlow,Foothills,Alberta,Conservative,john.barlow@parl.gc.ca
Michael,Barrett,Michael Barrett,Leeds—Grenville—Thousand Islands—Rideau Lakes,Ontario,Conservative,michael.barrett@parl.gc.ca
Xavier,Barsalou-Duval,Xavier Barsalou-Duval,Pierre-Boucher—Les Patriotes—Verchères,Quebec,Bloc Québécois,Xavier.Barsalou-Duval@parl.gc.ca
Jaime,Battiste,Jaime Battiste,Cape Breton—Canso—Antigonish,Nova Scotia,Liberal,jaime.battiste@parl.gc.ca
Mario,Beaulieu,Mario Beaulieu,La Pointe-de-l'Île,Quebec,Bloc Québécois,mario.beaulieu@parl.gc.ca
Terry,Beech,Terry Beech,Burnaby North—Seymour,British Columbia,Liberal,terry.beech@parl.gc.ca
Buckley,Belanger,Buckley Belanger,Desnethé—Missinippi—Churchill River,Saskatchewan,Liberal,buckley.belanger@parl.gc.ca
Rachel,Bendayan,Rachel Bendayan,Outremont,Quebec,Liberal,rachel.bendayan@parl.gc.ca
Luc,Berthold,Luc Berthold,Mégantic—L'Érable—Lotbinière,Quebec,Conservative,luc.berthold@parl.gc.ca
David,Bexte,David Bexte,Bow River,Alberta,Conservative,david.bexte@parl.gc.ca
James,Bezan,James Bezan,Selkirk—Interlake—Eastman,Manitoba,Conservative,james.bezan@parl.gc.ca
Chris,Bittle,Chris Bittle,St. Catharines,Ontario,Liberal,chris.bittle@parl.gc.ca
Bill,Blair,Bill Blair,Scarborough Southwest,Ontario,Liberal,bill.blair@parl.gc.ca
Yves-François,Blanchet,Yves-François Blanchet,Beloeil—Chambly,Quebec,Bloc Québécois,Yves-Francois.Blanchet@parl.gc.ca
Maxime,Blanchette-Joncas,Maxime Blanchette-Joncas,Rimouski—La Matapédia,Quebec,Bloc Québécois,Maxime.Blanchette-Joncas@parl.gc.ca
Kelly,Block,Kelly Block,Carlton Trail—Eagle Creek,Saskatchewan,Conservative,kelly.block@parl.gc.ca
Kody,Blois,Kody Blois,Kings—Hants,Nova Scotia,Liberal,kody.blois@parl.gc.ca
Patrick,Bonin,Patrick Bonin,Repentigny,Quebec,Bloc Québécois,patrick.bonin@parl.gc.ca
Steven,Bonk,Steven Bonk,Souris—Moose Mountain,Saskatchewan,Conservative,steven.bonk@parl.gc.ca
Kathy,Borrelli,Kathy Borrelli,Windsor—Tecumseh—Lakeshore,Ontario,Conservative,kathy.borrelli@parl.gc.ca
Alexandre,Boulerice,Alexandre Boulerice,Rosemont—La Petite-Patrie,Quebec,NDP,alexandre.boulerice@parl.gc.ca
Richard,Bragdon,Richard Bragdon,Tobique—Mactaquac,New Brunswick,Conservative,richard.bragdon@parl.gc.ca
John,Brassard,John Brassard,Barrie South—Innisfil,Ontario,Conservative,john.brassard@parl.gc.ca
Élisabeth,Brière,Élisabeth Brière,Sherbrooke,Quebec,Liberal,elisabeth.briere@parl.gc.ca
Larry,Brock,Larry Brock,Brantford—Brant South—Six Nations,Ontario,Conservative,larry.brock@parl.gc.ca
Alexis,Brunelle-Duceppe,Alexis Brunelle-Duceppe,Lac-Saint-Jean,Quebec,Bloc Québécois,Alexis.Brunelle-Duceppe@parl.gc.ca
Jim,Bélanger,Jim Bélanger,Sudbury East—Manitoulin—Nickel Belt,Ontario,Conservative,jim.belanger@parl.gc.ca
Blaine,Calkins,Blaine Calkins,Ponoka—Didsbury,Alberta,Conservative,blaine.calkins@parl.gc.ca
Frank,Caputo,Frank Caputo,Kamloops—Thompson—Nicola,British Columbia,Conservative,frank.caputo@parl.gc.ca
Mark,Carney,Mark Carney,Nepean,Ontario,Liberal,mark.carney@parl.gc.ca
Ben,Carr,Ben Carr,Winnipeg South Centre,Manitoba,Liberal,ben.carr@parl.gc.ca
Sean,Casey,Sean Casey,Charlottetown,Prince Edward Island,Liberal,sean.casey@parl.gc.ca
Bardish,Chagger,Bardish Chagger,Waterloo,Ontario,Liberal,bardish.chagger@parl.gc.ca
Adam,Chambers,Adam Chambers,Simcoe North,Ontario,Conservative,adam.chambers@parl.gc.ca
François-Philippe,Champagne,François-Philippe Champagne,Saint-Maurice—Champlain,Quebec,Liberal,Francois-Philippe.Champagne@parl.gc.ca
Martin,Champoux,Martin Champoux,Drummond,Quebec,Bloc Québécois,martin.champoux@parl.gc.ca
Wade,Chang,Wade Chang,Burnaby Central,British Columbia,Liberal,wade.chang@parl.gc.ca
Rebecca,Chartrand,Rebecca Chartrand,Churchill—Keewatinook Aski,Manitoba,Liberal,rebecca.chartrand@parl.gc.ca
Sophie,Chatel,Sophie Chatel,Pontiac—Kitigan Zibi,Quebec,Liberal,sophie.chatel@parl.gc.ca
Shaun,Chen,Shaun Chen,Scarborough North,Ontario,Liberal,shaun.chen@parl.gc.ca
Madeleine,Chenette,Madeleine Chenette,Thérèse-De Blainville,Quebec,Liberal,madeleine.chenette@parl.gc.ca
Maggie,Chi,Maggie Chi,Don Valley North,Ontario,Liberal,maggie.chi@parl.gc.ca
Nick,Chicken,Nick Chicken,Perth—Middlesex,Ontario,Conservative,nick.chicken@parl.gc.ca
Leslie,Church,Leslie Church,Toronto—St. Paul's,Ontario,Liberal,leslie.church@parl.gc.ca
Braedon,Clark,Braedon Clark,Sackville—Bedford—Preston,Nova Scotia,Liberal,braedon.clark@parl.gc.ca
Sandra,Cobena,Sandra Cobena,Newmarket—Aurora,Ontario,Conservative,sandra.cobena@parl.gc.ca
Connie,Cody,Connie Cody,Cambridge,Ontario,Conservative,connie.cody@parl.gc.ca
Paul,Connors,Paul Connors,Avalon,Newfoundland and Labrador,Liberal,paul.connors@parl.gc.ca
Michael,Cooper,Michael Cooper,St. Albert—Sturgeon River,Alberta,Conservative,michael.cooper@parl.gc.ca
Serge,Cormier,Serge Cormier,Acadie—Bathurst,New Brunswick,Liberal,serge.cormier@parl.gc.ca
Michael,Coteau,Michael Coteau,Scarborough—Woburn,Ontario,Liberal,michael.coteau@parl.gc.ca
Michael,D. Chong,Michael D. Chong,Wellington—Halton Hills North,Ontario,Conservative,michael.chong@parl.gc.ca
Julie,Dabrusin,Julie Dabrusin,Toronto—Danforth,Ontario,Liberal,julie.dabrusin@parl.gc.ca
Marc,Dalton,Marc Dalton,Pitt Meadows—Maple Ridge,British Columbia,Conservative,marc.dalton@parl.gc.ca
Raquel,Dancho,Raquel Dancho,Kildonan—St. Paul,Manitoba,Conservative,raquel.dancho@parl.gc.ca
Marianne,Dandurand,Marianne Dandurand,Compton—Stanstead,Quebec,Liberal,marianne.dandurand@parl.gc.ca
John-Paul,Danko,John-Paul Danko,Hamilton West—Ancaster—Dundas,Ontario,Liberal,John-Paul.Danko@parl.gc.ca
Scot,Davidson,Scot Davidson,New Tecumseth—Gwillimbury,Ontario,Conservative,scot.davidson@parl.gc.ca
Don,Davies,Don Davies,Vancouver Kingsway,British Columbia,NDP,don.davies@parl.gc.ca
Fred,Davies,Fred Davies,Niagara South,Ontario,Conservative,fred.davies@parl.gc.ca
Mike,Dawson,Mike Dawson,Miramichi—Grand Lake,New Brunswick,Conservative,mike.dawson@parl.gc.ca
Claude,DeBellefeuille,Claude DeBellefeuille,Beauharnois—Salaberry—Soulanges—Huntingdon,Quebec,Bloc Québécois,claude.debellefeuille@parl.gc.ca
Kelly,DeRidder,Kelly DeRidder,Kitchener Centre,Ontario,Conservative,kelly.deridder@parl.gc.ca
Gérard,Deltell,Gérard Deltell,Louis-Saint-Laurent—Akiawenhrahk,Quebec,Conservative,gerard.deltell@parl.gc.ca
Alexis,Deschênes,Alexis Deschênes,Gaspésie—Les Îles-de-la-Madeleine—Listuguj,Quebec,Bloc Québécois,alexis.deschenes@parl.gc.ca
Guillaume,Deschênes-Thériault,Guillaume Deschênes-Thériault,Madawaska—Restigouche,New Brunswick,Liberal,Guillaume.Deschenes-Theriault@parl.gc.ca
Caroline,Desrochers,Caroline Desrochers,Trois-Rivières,Quebec,Liberal,caroline.desrochers@parl.gc.ca
Sukh,Dhaliwal,Sukh Dhaliwal,Surrey Newton,British Columbia,Liberal,sukh.dhaliwal@parl.gc.ca
Anju,Dhillon,Anju Dhillon,Dorval—Lachine—LaSalle,Quebec,Liberal,anju.dhillon@parl.gc.ca
Kerry,Diotte,Kerry Diotte,Edmonton Griesbach,Alberta,Conservative,kerry.diotte@parl.gc.ca
Todd,Doherty,Todd Doherty,Cariboo—Prince George,British Columbia,Conservative,todd.doherty@parl.gc.ca
Terry,Dowdall,Terry Dowdall,Simcoe—Grey,Ontario,Conservative,terry.dowdall@parl.gc.ca
Jean-Yves,Duclos,Jean-Yves Duclos,Québec Centre,Quebec,Liberal,Jean-Yves.Duclos@parl.gc.ca
Terry,Duguid,Terry Duguid,Winnipeg South,Manitoba,Liberal,terry.duguid@parl.gc.ca
Eric,Duncan,Eric Duncan,Stormont—Dundas—Glengarry,Ontario,Conservative,eric.duncan@parl.gc.ca
Julie,Dzerowicz,Julie Dzerowicz,Davenport,Ontario,Liberal,julie.dzerowicz@parl.gc.ca
Philip,Earle,Philip Earle,Labrador,Newfoundland and Labrador,Liberal,philip.earle@parl.gc.ca
Ali,Ehsassi,Ali Ehsassi,Willowdale,Ontario,Liberal,ali.ehsassi@parl.gc.ca
Fayçal,El-Khoury,Fayçal El-Khoury,Laval—Les Îles,Quebec,Liberal,Faycal.El-Khoury@parl.gc.ca
Dave,Epp,Dave Epp,Chatham-Kent—Leamington,Ontario,Conservative,dave.epp@parl.gc.ca
Nathaniel,Erskine-Smith,Nathaniel Erskine-Smith,Beaches—East York,Ontario,Liberal,Nathaniel.Erskine-Smith@parl.gc.ca
Doug,Eyolfson,Doug Eyolfson,Winnipeg West,Manitoba,Liberal,doug.eyolfson@parl.gc.ca
Rosemarie,Falk,Rosemarie Falk,Battlefords—Lloydminster—Meadow Lake,Saskatchewan,Conservative,rosemarie.falk@parl.gc.ca
Ted,Falk,Ted Falk,Provencher,Manitoba,Conservative,ted.falk@parl.gc.ca
Jessica,Fancy,Jessica Fancy,South Shore—St. Margarets,Nova Scotia,Liberal,jessica.fancy@parl.gc.ca
Bruce,Fanjoy,Bruce Fanjoy,Carleton,Ontario,Liberal,bruce.fanjoy@parl.gc.ca
Greg,Fergus,Greg Fergus,Hull—Aylmer,Quebec,Liberal,greg.fergus@parl.gc.ca
Darren,Fisher,Darren Fisher,Dartmouth—Cole Harbour,Nova Scotia,Liberal,darren.fisher@parl.gc.ca
Peter,Fonseca,Peter Fonseca,Mississauga East—Cooksville,Ontario,Liberal,peter.fonseca@parl.gc.ca
Mona,Fortier,Mona Fortier,Ottawa—Vanier—Gloucester,Ontario,Liberal,mona.fortier@parl.gc.ca
Peter,Fragiskatos,Peter Fragiskatos,London Centre,Ontario,Liberal,peter.fragiskatos@parl.gc.ca
Sean,Fraser,Sean Fraser,Central Nova,Nova Scotia,Liberal,sean.fraser@parl.gc.ca
Hedy,Fry,Hedy Fry,Vancouver Centre,British Columbia,Liberal,hedy.fry@parl.gc.ca
Stephen,Fuhr,Stephen Fuhr,Kelowna,British Columbia,Liberal,stephen.fuhr@parl.gc.ca
Iqwinder,Gaheer,Iqwinder Gaheer,Mississauga—Malton,Ontario,Liberal,iqwinder.gaheer@parl.gc.ca
Anna,Gainey,Anna Gainey,Notre-Dame-de-Grâce—Westmount,Quebec,Liberal,anna.gainey@parl.gc.ca
Cheryl,Gallant,Cheryl Gallant,Algonquin—Renfrew—Pembroke,Ontario,Conservative,cheryl.gallant@parl.gc.ca
Jean-Denis,Garon,Jean-Denis Garon,Mirabel,Quebec,Bloc Québécois,Jean-Denis.Garon@parl.gc.ca
Vince,Gasparro,Vince Gasparro,Eglinton—Lawrence,Ontario,Liberal,vince.gasparro@parl.gc.ca
Marie-Hélène,Gaudreau,Marie-Hélène Gaudreau,Laurentides—Labelle,Quebec,Bloc Québécois,Marie-Helene.Gaudreau@parl.gc.ca
Leah,Gazan,Leah Gazan,Winnipeg Centre,Manitoba,NDP,leah.gazan@parl.gc.ca
Garnett,Genuis,Garnett Genuis,Sherwood Park—Fort Saskatchewan,Alberta,Conservative,garnett.genuis@parl.gc.ca
Mark,Gerretsen,Mark Gerretsen,Kingston and the Islands,Ontario,Liberal,mark.gerretsen@parl.gc.ca
Amarjeet,Gill,Amarjeet Gill,Brampton West,Ontario,Conservative,amarjeet.gill@parl.gc.ca
Dalwinder,Gill,Dalwinder Gill,Calgary McKnight,Alberta,Conservative,dalwinder.gill@parl.gc.ca
Harb,Gill,Harb Gill,Windsor West,Ontario,Conservative,harb.gill@parl.gc.ca
Marilène,Gill,Marilène Gill,Côte-Nord—Kawawachikamach—Nitassinan,Quebec,Bloc Québécois,marilene.gill@parl.gc.ca
Sukhman,Gill,Sukhman Gill,Abbotsford—South Langley,British Columbia,Conservative,sukhman.gill@parl.gc.ca
Marilyn,Gladu,Marilyn Gladu,Sarnia—Lambton—Bkejwanong,Ontario,Conservative,marilyn.gladu@parl.gc.ca
Joël,Godin,Joël Godin,Portneuf—Jacques-Cartier,Quebec,Conservative,joël.godin@parl.gc.ca
Laila,Goodridge,Laila Goodridge,Fort McMurray—Cold Lake,Alberta,Conservative,laila.goodridge@parl.gc.ca
Karina,Gould,Karina Gould,Burlington,Ontario,Liberal,karina.gould@parl.gc.ca
Jacques,Gourde,Jacques Gourde,Lévis—Lotbinière,Quebec,Conservative,jacques.gourde@parl.gc.ca
Wade,Grant,Wade Grant,Vancouver Quadra,British Columbia,Liberal,wade.grant@parl.gc.ca
Will,Greaves,Will Greaves,Victoria,British Columbia,Liberal,will.greaves@parl.gc.ca
Jason,Groleau,Jason Groleau,Beauce,Quebec,Conservative,jason.groleau@parl.gc.ca
Claude,Guay,Claude Guay,LaSalle—Émard—Verdun,Quebec,Liberal,claude.guay@parl.gc.ca
Michael,Guglielmin,Michael Guglielmin,Vaughan—Woodbridge,Ontario,Conservative,michael.guglielmin@parl.gc.ca
Steven,Guilbeault,Steven Guilbeault,Laurier—Sainte-Marie,Quebec,Liberal,steven.guilbeault@parl.gc.ca
Mandy,Gull-Masty,Mandy Gull-Masty,Abitibi—Baie-James—Nunavik—Eeyou,Quebec,Liberal,Mandy.Gull-Masty@parl.gc.ca
Aaron,Gunn,Aaron Gunn,North Island—Powell River,British Columbia,Conservative,aaron.gunn@parl.gc.ca
Bernard,Généreux,Bernard Généreux,Côte-du-Sud—Rivière-du-Loup—Kataskomiq—Témiscouata,Quebec,Conservative,bernard.genereux@parl.gc.ca
Patty,Hajdu,Patty Hajdu,Thunder Bay—Superior North,Ontario,Liberal,patty.hajdu@parl.gc.ca
Jasraj,Hallan,Jasraj Hallan,Calgary East,Alberta,Conservative,jasraj.hallan@parl.gc.ca
Brendan,Hanley,Brendan Hanley,Yukon,Yukon,Liberal,brendan.hanley@parl.gc.ca
Gabriel,Hardy,Gabriel Hardy,Montmorency—Charlevoix,Quebec,Conservative,gabriel.hardy@parl.gc.ca
Emma,Harrison,Emma Harrison,Peterborough,Ontario,Liberal,emma.harrison@parl.gc.ca
Lisa,Hepfner,Lisa Hepfner,Hamilton Mountain,Ontario,Liberal,lisa.hepfner@parl.gc.ca
Alana,Hirtle,Alana Hirtle,Cumberland—Colchester,Nova Scotia,Liberal,alana.hirtle@parl.gc.ca
Randy,Hoback,Randy Hoback,Prince Albert,Saskatchewan,Conservative,randy.hoback@parl.gc.ca
Tim,Hodgson,Tim Hodgson,Markham—Thornhill,Ontario,Liberal,tim.hodgson@parl.gc.ca
Corey,Hogan,Corey Hogan,Calgary Confederation,Alberta,Liberal,corey.hogan@parl.gc.ca
Kurt,Holman,Kurt Holman,London—Fanshawe,Ontario,Conservative,kurt.holman@parl.gc.ca
Anthony,Housefather,Anthony Housefather,Mount Royal,Quebec,Liberal,anthony.housefather@parl.gc.ca
Ahmed,Hussen,Ahmed Hussen,York South—Weston—Etobicoke,Ontario,Liberal,ahmed.hussen@parl.gc.ca
Angelo,Iacono,Angelo Iacono,Alfred-Pellan,Quebec,Liberal,angelo.iacono@parl.gc.ca
Lori,Idlout,Lori Idlout,Nunavut,Nunavut,NDP,lori.idlout@parl.gc.ca
David,J. McGuinty,David J. McGuinty,Ottawa South,Ontario,Liberal,david.mcguinty@parl.gc.ca
Grant,Jackson,Grant Jackson,Brandon—Souris,Manitoba,Conservative,grant.jackson@parl.gc.ca
Helena,Jaczek,Helena Jaczek,Markham—Stouffville,Ontario,Liberal,helena.jaczek@parl.gc.ca
Tamara,Jansen,Tamara Jansen,Cloverdale—Langley City,British Columbia,Conservative,tamara.jansen@parl.gc.ca
Matt,Jeneroux,Matt Jeneroux,Edmonton Riverbend,Alberta,Conservative,matt.jeneroux@parl.gc.ca
Jamil,Jivani,Jamil Jivani,Bowmanville—Oshawa North,Ontario,Conservative,jamil.jivani@parl.gc.ca
Gord,Johns,Gord Johns,Courtenay—Alberni,British Columbia,NDP,gord.johns@parl.gc.ca
Mélanie,Joly,Mélanie Joly,Ahuntsic-Cartierville,Quebec,Liberal,melanie.joly@parl.gc.ca
Natilien,Joseph,Natilien Joseph,Longueuil—Saint-Hubert,Quebec,Liberal,natilien.joseph@parl.gc.ca
Arielle,Kayabaga,Arielle Kayabaga,London West,Ontario,Liberal,arielle.kayabaga@parl.gc.ca
Mike,Kelloway,Mike Kelloway,Sydney—Glace Bay,Nova Scotia,Liberal,mike.kelloway@parl.gc.ca
Pat,Kelly,Pat Kelly,Calgary Crowfoot,Alberta,Conservative,pat.kelly@parl.gc.ca
Iqra,Khalid,Iqra Khalid,Mississauga—Erin Mills,Ontario,Liberal,iqra.khalid@parl.gc.ca
Arpan,Khanna,Arpan Khanna,Oxford,Ontario,Conservative,arpan.khanna@parl.gc.ca
Jeff,Kibble,Jeff Kibble,Cowichan—Malahat—Langford,British Columbia,Conservative,jeff.kibble@parl.gc.ca
Rhonda,Kirkland,Rhonda Kirkland,Oshawa,Ontario,Conservative,rhonda.kirkland@parl.gc.ca
Ernie,Klassen,Ernie Klassen,South Surrey—White Rock,British Columbia,Liberal,ernie.klassen@parl.gc.ca
Tom,Kmiec,Tom Kmiec,Calgary Shepard,Alberta,Conservative,tom.kmiec@parl.gc.ca
Helena,Konanz,Helena Konanz,Similkameen—South Okanagan—West Kootenay,British Columbia,Conservative,helena.konanz@parl.gc.ca
Annie,Koutrakis,Annie Koutrakis,Vimy,Quebec,Liberal,annie.koutrakis@parl.gc.ca
Michael,Kram,Michael Kram,Regina—Wascana,Saskatchewan,Conservative,michael.kram@parl.gc.ca
Shelby,Kramp-Neuman,Shelby Kramp-Neuman,Hastings—Lennox and Addington—Tyendinaga,Ontario,Conservative,Shelby.Kramp-Neuman@parl.gc.ca
Tamara,Kronis,Tamara Kronis,Nanaimo—Ladysmith,British Columbia,Conservative,tamara.kronis@parl.gc.ca
Ned,Kuruc,Ned Kuruc,Hamilton East—Stoney Creek,Ontario,Conservative,ned.kuruc@parl.gc.ca
Stephanie,Kusie,Stephanie Kusie,Calgary Midnapore,Alberta,Conservative,stephanie.kusie@parl.gc.ca
Jenny,Kwan,Jenny Kwan,Vancouver East,British Columbia,NDP,jenny.kwan@parl.gc.ca
Mike,Lake,Mike Lake,Leduc—Wetaskiwin,Alberta,Conservative,mike.lake@parl.gc.ca
Marie-France,Lalonde,Marie-France Lalonde,Orléans,Ontario,Liberal,Marie-France.Lalonde@parl.gc.ca
Emmanuella,Lambropoulos,Emmanuella Lambropoulos,Saint-Laurent,Quebec,Liberal,emmanuella.lambropoulos@parl.gc.ca
Kevin,Lamoureux,Kevin Lamoureux,Winnipeg North,Manitoba,Liberal,kevin.lamoureux@parl.gc.ca
Melissa,Lantsman,Melissa Lantsman,Thornhill,Ontario,Conservative,melissa.lantsman@parl.gc.ca
Linda,Lapointe,Linda Lapointe,Rivière-des-Mille-Îles,Quebec,Liberal,linda.lapointe@parl.gc.ca
Viviane,Lapointe,Viviane Lapointe,Sudbury,Ontario,Liberal,viviane.lapointe@parl.gc.ca
Andréanne,Larouche,Andréanne Larouche,Shefford,Quebec,Bloc Québécois,andreanne.larouche@parl.gc.ca
Patricia,Lattanzio,Patricia Lattanzio,Saint-Léonard—Saint-Michel,Quebec,Liberal,patricia.lattanzio@parl.gc.ca
Stéphane,Lauzon,Stéphane Lauzon,Argenteuil—La Petite-Nation,Quebec,Liberal,stephane.lauzon@parl.gc.ca
Ginette,Lavack,Ginette Lavack,St. Boniface—St. Vital,Manitoba,Liberal,ginette.lavack@parl.gc.ca
Steeve,Lavoie,Steeve Lavoie,Beauport—Limoilou,Quebec,Liberal,steeve.lavoie@parl.gc.ca
Philip,Lawrence,Philip Lawrence,Northumberland—Clarke,Ontario,Conservative,philip.lawrence@parl.gc.ca
Andrew,Lawton,Andrew Lawton,Elgin—St. Thomas—London South,Ontario,Conservative,andrew.lawton@parl.gc.ca
Dominic,LeBlanc,Dominic LeBlanc,Beauséjour,New Brunswick,Liberal,dominic.leblanc@parl.gc.ca
Eric,Lefebvre,Eric Lefebvre,Richmond—Arthabaska,Quebec,Conservative,eric.lefebvre@parl.gc.ca
Carlos,Leitão,Carlos Leitão,Marc-Aurèle-Fortin,Quebec,Liberal,carlos.leitão@parl.gc.ca
Sébastien,Lemire,Sébastien Lemire,Abitibi—Témiscamingue,Quebec,Bloc Québécois,sebastien.lemire@parl.gc.ca
Branden,Leslie,Branden Leslie,Portage—Lisgar,Manitoba,Conservative,branden.leslie@parl.gc.ca
Chris,Lewis,Chris Lewis,Essex,Ontario,Conservative,chris.lewis@parl.gc.ca
Leslyn,Lewis,Leslyn Lewis,Haldimand—Norfolk,Ontario,Conservative,leslyn.lewis@parl.gc.ca
Joël,Lightbound,Joël Lightbound,Louis-Hébert,Quebec,Liberal,joël.lightbound@parl.gc.ca
Dane,Lloyd,Dane Lloyd,Parkland,Alberta,Conservative,dane.lloyd@parl.gc.ca
Ben,Lobb,Ben Lobb,Huron—Bruce,Ontario,Conservative,ben.lobb@parl.gc.ca
Wayne,Long,Wayne Long,Saint John—Kennebecasis,New Brunswick,Liberal,wayne.long@parl.gc.ca
Tim,Louis,Tim Louis,Kitchener—Conestoga,Ontario,Liberal,tim.louis@parl.gc.ca
Michael,Ma,Michael Ma,Markham—Unionville,Ontario,Liberal,michael.ma@parl.gc.ca
Heath,MacDonald,Heath MacDonald,Malpeque,Prince Edward Island,Liberal,heath.macdonald@parl.gc.ca
Kent,MacDonald,Kent MacDonald,Cardigan,Prince Edward Island,Liberal,kent.macdonald@parl.gc.ca
Steven,MacKinnon,Steven MacKinnon,Gatineau,Quebec,Liberal,steven.mackinnon@parl.gc.ca
Shuvaloy,Majumdar,Shuvaloy Majumdar,Calgary Heritage,Alberta,Conservative,shuvaloy.majumdar@parl.gc.ca
Chris,Malette,Chris Malette,Bay of Quinte,Ontario,Liberal,chris.malette@parl.gc.ca
Gaétan,Malette,Gaétan Malette,Kapuskasing—Timmins—Mushkegowuk,Ontario,Conservative,gaetan.malette@parl.gc.ca
James,Maloney,James Maloney,Etobicoke—Lakeshore,Ontario,Liberal,james.maloney@parl.gc.ca
Jacob,Mantle,Jacob Mantle,York—Durham,Ontario,Conservative,jacob.mantle@parl.gc.ca
Richard,Martel,Richard Martel,Chicoutimi—Le Fjord,Quebec,Conservative,richard.martel@parl.gc.ca
Elizabeth,May,Elizabeth May,Saanich—Gulf Islands,British Columbia,Green Party,elizabeth.may@parl.gc.ca
Dan,Mazier,Dan Mazier,Riding Mountain,Manitoba,Conservative,dan.mazier@parl.gc.ca
Kelly,McCauley,Kelly McCauley,Edmonton West,Alberta,Conservative,kelly.mccauley@parl.gc.ca
Jennifer,McKelvie,Jennifer McKelvie,Ajax,Ontario,Liberal,jennifer.mckelvie@parl.gc.ca
David,McKenzie,David McKenzie,Calgary Signal Hill,Alberta,Conservative,david.mckenzie@parl.gc.ca
Ron,McKinnon,Ron McKinnon,Coquitlam—Port Coquitlam,British Columbia,Liberal,ron.mckinnon@parl.gc.ca
Jill,McKnight,Jill McKnight,Delta,British Columbia,Liberal,jill.mcknight@parl.gc.ca
Greg,McLean,Greg McLean,Calgary Centre,Alberta,Conservative,greg.mclean@parl.gc.ca
Stephanie,McLean,Stephanie McLean,Esquimalt—Saanich—Sooke,British Columbia,Liberal,stephanie.mclean@parl.gc.ca
Heather,McPherson,Heather McPherson,Edmonton Strathcona,Alberta,NDP,heather.mcpherson@parl.gc.ca
Eric,Melillo,Eric Melillo,Kenora—Kiiwetinoong,Ontario,Conservative,eric.melillo@parl.gc.ca
Alexandra,Mendès,Alexandra Mendès,Brossard—Saint-Lambert,Quebec,Liberal,alexandra.mendes@parl.gc.ca
Costas,Menegakis,Costas Menegakis,Aurora—Oak Ridges—Richmond Hill,Ontario,Conservative,costas.menegakis@parl.gc.ca
Lena,Metlege Diab,Lena Metlege Diab,Halifax West,Nova Scotia,Liberal,lena.metlegediab@parl.gc.ca
Marjorie,Michel,Marjorie Michel,Papineau,Quebec,Liberal,marjorie.michel@parl.gc.ca
Shannon,Miedema,Shannon Miedema,Halifax,Nova Scotia,Liberal,shannon.miedema@parl.gc.ca
Marc,Miller,Marc Miller,Ville-Marie—Le Sud-Ouest—Île-des-Soeurs,Quebec,Liberal,marc.miller@parl.gc.ca
Giovanna,Mingarelli,Giovanna Mingarelli,Prescott—Russell—Cumberland,Ontario,Liberal,giovanna.mingarelli@parl.gc.ca
Rob,Moore,Rob Moore,Fundy Royal,New Brunswick,Conservative,rob.moore@parl.gc.ca
Billy,Morin,Billy Morin,Edmonton Northwest,Alberta,Conservative,billy.morin@parl.gc.ca
Rob,Morrison,Rob Morrison,Columbia—Kootenay—Southern Rockies,British Columbia,Conservative,rob.morrison@parl.gc.ca
Robert,Morrissey,Robert Morrissey,Egmont,Prince Edward Island,Liberal,robert.morrissey@parl.gc.ca
Glen,Motz,Glen Motz,Medicine Hat—Cardston—Warner,Alberta,Conservative,glen.motz@parl.gc.ca
Dan,Muys,Dan Muys,Flamborough—Glanbrook—Brant North,Ontario,Conservative,dan.muys@parl.gc.ca
David,Myles,David Myles,Fredericton—Oromocto,New Brunswick,Liberal,david.myles@parl.gc.ca
Marie-Gabrielle,Ménard,Marie-Gabrielle Ménard,Hochelaga—Rosemont-Est,Quebec,Liberal,Marie-Gabrielle.Menard@parl.gc.ca
Yasir,Naqvi,Yasir Naqvi,Ottawa Centre,Ontario,Liberal,yasir.naqvi@parl.gc.ca
John,Nater,John Nater,Perth—Wellington,Ontario,Conservative,john.nater@parl.gc.ca
Juanita,Nathan,Juanita Nathan,Pickering—Brooklin,Ontario,Liberal,juanita.nathan@parl.gc.ca
Vincent,Neil Ho,Vincent Neil Ho,Richmond Hill South,Ontario,Conservative,vincent.neilho@parl.gc.ca
Chi,Nguyen,Chi Nguyen,Spadina—Harbourfront,Ontario,Liberal,chi.nguyen@parl.gc.ca
Taleeb,Noormohamed,Taleeb Noormohamed,Vancouver Granville,British Columbia,Liberal,taleeb.noormohamed@parl.gc.ca
Christine,Normandin,Christine Normandin,Saint-Jean,Quebec,Bloc Québécois,christine.normandin@parl.gc.ca
Bienvenu-Olivier,Ntumba,Bienvenu-Olivier Ntumba,Mont-Saint-Bruno—L'Acadie,Quebec,Liberal,Bienvenu-Olivier.Ntumba@parl.gc.ca
Dominique,O'Rourke,Dominique O'Rourke,Guelph,Ontario,Liberal,dominique.orourke@parl.gc.ca
Robert,Oliphant,Robert Oliphant,Don Valley West,Ontario,Liberal,robert.oliphant@parl.gc.ca
Eleanor,Olszewski,Eleanor Olszewski,Edmonton Centre,Alberta,Liberal,eleanor.olszewski@parl.gc.ca
Tom,Osborne,Tom Osborne,Cape Spear,Newfoundland and Labrador,Liberal,tom.osborne@parl.gc.ca
Jeremy,Patzer,Jeremy Patzer,Swift Current—Grasslands—Kindersley,Saskatchewan,Conservative,jeremy.patzer@parl.gc.ca
Pierre,Paul-Hus,Pierre Paul-Hus,Charlesbourg—Haute-Saint-Charles,Quebec,Conservative,Pierre.Paul-Hus@parl.gc.ca
Yves,Perron,Yves Perron,Berthier—Maskinongé,Quebec,Bloc Québécois,yves.perron@parl.gc.ca
Ginette,Petitpas Taylor,Ginette Petitpas Taylor,Moncton—Dieppe,New Brunswick,Liberal,ginette.petitpastaylor@parl.gc.ca
Louis,Plamondon,Louis Plamondon,Bécancour—Nicolet—Saurel—Alnôbak,Quebec,Bloc Québécois,louis.plamondon@parl.gc.ca
Pierre,Poilievre,Pierre Poilievre,Battle River—Crowfoot,Alberta,Conservative,pierre.poilievre@parl.gc.ca
Marcus,Powlowski,Marcus Powlowski,Thunder Bay—Rainy River,Ontario,Liberal,marcus.powlowski@parl.gc.ca
Nathalie,Provost,Nathalie Provost,Châteauguay—Les Jardins-de-Napierville,Quebec,Liberal,nathalie.provost@parl.gc.ca
Jacques,Ramsay,Jacques Ramsay,La Prairie—Atateken,Quebec,Liberal,jacques.ramsay@parl.gc.ca
Aslam,Rana,Aslam Rana,Hamilton Centre,Ontario,Liberal,aslam.rana@parl.gc.ca
Brad,Redekopp,Brad Redekopp,Saskatoon West,Saskatchewan,Conservative,brad.redekopp@parl.gc.ca
Scott,Reid,Scott Reid,Lanark—Frontenac,Ontario,Conservative,scott.reid@parl.gc.ca
Michelle,Rempel Garner,Michelle Rempel Garner,Calgary Nose Hill,Alberta,Conservative,michelle.rempelgarner@parl.gc.ca
Colin,Reynolds,Colin Reynolds,Elmwood—Transcona,Manitoba,Conservative,colin.reynolds@parl.gc.ca
Blake,Richards,Blake Richards,Airdrie—Cochrane,Alberta,Conservative,blake.richards@parl.gc.ca
Anna,Roberts,Anna Roberts,King—Vaughan,Ontario,Conservative,anna.roberts@parl.gc.ca
Gregor,Robertson,Gregor Robertson,Vancouver Fraserview—South Burnaby,British Columbia,Liberal,gregor.robertson@parl.gc.ca
Pauline,Rochefort,Pauline Rochefort,Nipissing—Timiskaming,Ontario,Liberal,pauline.rochefort@parl.gc.ca
Sherry,Romanado,Sherry Romanado,Longueuil—Charles-LeMoyne,Quebec,Liberal,sherry.romanado@parl.gc.ca
Lianne,Rood,Lianne Rood,Middlesex—London,Ontario,Conservative,lianne.rood@parl.gc.ca
Ellis,Ross,Ellis Ross,Skeena—Bulkley Valley,British Columbia,Conservative,ellis.ross@parl.gc.ca
Jonathan,Rowe,Jonathan Rowe,Terra Nova—The Peninsulas,Newfoundland and Labrador,Conservative,jonathan.rowe@parl.gc.ca
Zoe,Royer,Zoe Royer,Port Moody—Coquitlam,British Columbia,Liberal,zoe.royer@parl.gc.ca
Alex,Ruff,Alex Ruff,Bruce—Grey—Owen Sound,Ontario,Conservative,alex.ruff@parl.gc.ca
Amanpreet,S. Gill,Amanpreet S. Gill,Calgary Skyview,Alberta,Conservative,amanpreet.gill@parl.gc.ca
Ruby,Sahota,Ruby Sahota,Brampton North—Caledon,Ontario,Liberal,ruby.sahota@parl.gc.ca
Gurbux,Saini,Gurbux Saini,Fleetwood—Port Kells,British Columbia,Liberal,gurbux.saini@parl.gc.ca
Randeep,Sarai,Randeep Sarai,Surrey Centre,British Columbia,Liberal,randeep.sarai@parl.gc.ca
Abdelhaq,Sari,Abdelhaq Sari,Bourassa,Quebec,Liberal,abdelhaq.sari@parl.gc.ca
Simon-Pierre,Savard-Tremblay,Simon-Pierre Savard-Tremblay,Saint-Hyacinthe—Bagot—Acton,Quebec,Bloc Québécois,Simon-Pierre.Savard-Tremblay@parl.gc.ca
Jake,Sawatzky,Jake Sawatzky,New Westminster—Burnaby—Maillardville,British Columbia,Liberal,jake.sawatzky@parl.gc.ca
Francis,Scarpaleggia,Francis Scarpaleggia,Lac-Saint-Louis,Quebec,Liberal,francis.scarpaleggia@parl.gc.ca
Andrew,Scheer,Andrew Scheer,Regina—Qu'Appelle,Saskatchewan,Conservative,andrew.scheer@parl.gc.ca
Peter,Schiefke,Peter Schiefke,Vaudreuil,Quebec,Liberal,peter.schiefke@parl.gc.ca
Jamie,Schmale,Jamie Schmale,Haliburton—Kawartha Lakes,Ontario,Conservative,jamie.schmale@parl.gc.ca
Kyle,Seeback,Kyle Seeback,Dufferin—Caledon,Ontario,Conservative,kyle.seeback@parl.gc.ca
Terry,Sheehan,Terry Sheehan,Sault Ste. Marie—Algoma,Ontario,Liberal,terry.sheehan@parl.gc.ca
Doug,Shipley,Doug Shipley,Barrie—Springwater—Oro-Medonte,Ontario,Conservative,doug.shipley@parl.gc.ca
Maninder,Sidhu,Maninder Sidhu,Brampton East,Ontario,Liberal,maninder.sidhu@parl.gc.ca
Sonia,Sidhu,Sonia Sidhu,Brampton South,Ontario,Liberal,sonia.sidhu@parl.gc.ca
Mario,Simard,Mario Simard,Jonquière,Quebec,Bloc Québécois,mario.simard@parl.gc.ca
Jagsharan,Singh Mahal,Jagsharan Singh Mahal,Edmonton Southeast,Alberta,Conservative,jagsharan.singhmahal@parl.gc.ca
Clifford,Small,Clifford Small,Central Newfoundland,Newfoundland and Labrador,Conservative,clifford.small@parl.gc.ca
Amandeep,Sodhi,Amandeep Sodhi,Brampton Centre,Ontario,Liberal,amandeep.sodhi@parl.gc.ca
Evan,Solomon,Evan Solomon,Toronto Centre,Ontario,Liberal,evan.solomon@parl.gc.ca
Charles,Sousa,Charles Sousa,Mississauga—Lakeshore,Ontario,Liberal,charles.sousa@parl.gc.ca
Eric,St-Pierre,Eric St-Pierre,Honoré-Mercier,Quebec,Liberal,Eric.St-Pierre@parl.gc.ca
Gabriel,Ste-Marie,Gabriel Ste-Marie,Joliette—Manawan,Quebec,Bloc Québécois,Gabriel.Ste-Marie@parl.gc.ca
Warren,Steinley,Warren Steinley,Regina—Lewvan,Saskatchewan,Conservative,warren.steinley@parl.gc.ca
William,Stevenson,William Stevenson,Yellowhead,Alberta,Conservative,william.stevenson@parl.gc.ca
Mark,Strahl,Mark Strahl,Chilliwack—Hope,British Columbia,Conservative,mark.strahl@parl.gc.ca
Matt,Strauss,Matt Strauss,Kitchener South—Hespeler,Ontario,Conservative,matt.strauss@parl.gc.ca
Shannon,Stubbs,Shannon Stubbs,Lakeland,Alberta,Conservative,shannon.stubbs@parl.gc.ca
Jenna,Sudds,Jenna Sudds,Kanata,Ontario,Liberal,jenna.sudds@parl.gc.ca
Kristina,Tesser Derksen,Kristina Tesser Derksen,Milton East—Halton Hills South,Ontario,Liberal,kristina.tesserderksen@parl.gc.ca
Rachael,Thomas,Rachael Thomas,Lethbridge,Alberta,Conservative,rachael.thomas@parl.gc.ca
Joanne,Thompson,Joanne Thompson,St. John's East,Newfoundland and Labrador,Liberal,joanne.thompson@parl.gc.ca
Luc,Thériault,Luc Thériault,Montcalm,Quebec,Bloc Québécois,luc.theriault@parl.gc.ca
Corey,Tochor,Corey Tochor,Saskatoon—University,Saskatchewan,Conservative,corey.tochor@parl.gc.ca
Fraser,Tolmie,Fraser Tolmie,Moose Jaw—Lake Centre—Lanigan,Saskatchewan,Conservative,fraser.tolmie@parl.gc.ca
Ryan,Turnbull,Ryan Turnbull,Whitby,Ontario,Liberal,ryan.turnbull@parl.gc.ca
Tim,Uppal,Tim Uppal,Edmonton Gateway,Alberta,Conservative,tim.uppal@parl.gc.ca
Rechie,Valdez,Rechie Valdez,Mississauga—Streetsville,Ontario,Liberal,rechie.valdez@parl.gc.ca
Tako,Van Popta,Tako Van Popta,Langley Township—Fraser Heights,British Columbia,Conservative,tako.vanpopta@parl.gc.ca
Anita,Vandenbeld,Anita Vandenbeld,Ottawa West—Nepean,Ontario,Liberal,anita.vandenbeld@parl.gc.ca
Dominique,Vien,Dominique Vien,Bellechasse—Les Etchemins—Lévis,Quebec,Conservative,dominique.vien@parl.gc.ca
Arnold,Viersen,Arnold Viersen,Peace River—Westlock,Alberta,Conservative,arnold.viersen@parl.gc.ca
Louis,Villeneuve,Louis Villeneuve,Brome—Missisquoi,Quebec,Liberal,louis.villeneuve@parl.gc.ca
Brad,Vis,Brad Vis,Mission—Matsqui—Abbotsford,British Columbia,Conservative,brad.vis@parl.gc.ca
Cathay,Wagantall,Cathay Wagantall,Yorkton—Melville,Saskatchewan,Conservative,cathay.wagantall@parl.gc.ca
Kevin,Waugh,Kevin Waugh,Saskatoon—Grasswood,Saskatchewan,Conservative,kevin.waugh@parl.gc.ca
Len,Webber,Len Webber,Calgary—Rocky Ridge,Alberta,Conservative,len.webber@parl.gc.ca
Ryan,Williams,Ryan Williams,Bay of Quinte—Peterborough South,Ontario,Conservative,ryan.williams@parl.gc.ca
Kate,Young,Kate Young,London West,Ontario,Liberal,kate.young@parl.gc.ca
David,Yurdiga,David Yurdiga,Fort McMurray—Lakeland,Alberta,Conservative,david.yurdiga@parl.gc.ca
Bob,Zimmer,Bob Zimmer,Prince George—Peace River—Northern Rockies,British Columbia,Conservative,bob.zimmer@parl.gc.ca
Sameer,Zuberi,Sameer Zuberi,Pierrefonds—Dollard,Quebec,Liberal,sameer.zuberi@parl.gc.ca
Chris,d'Entremont,Chris d'Entremont,Acadie—Annapolis,Nova Scotia,Liberal,chris.dentremont@parl.gc.ca
Adam,van Koeverden,Adam van Koeverden,Burlington North—Milton West,Ontario,Liberal,adam.vankoeverden@parl.gc.ca
Rhéal,Éloi Fortin,Rhéal Éloi Fortin,Rivière-du-Nord,Quebec,Bloc Québécois,rheal.eloifortin@parl.gc.ca
